id,title,description,category
1,Advertising,We turn bold ideas into powerful digital solutions that connect, engage...,Marketing & Promotion
2,Social Media Management,We help you build a strong social media presence and engage with your audience.,Marketing & Promotion
3,SEO Optimization,Boost your website ranking and visibility with our expert SEO services.,Marketing & Promotion
4,Content marketing,We help you execute your plan and deliver results.,Content & Media
5,Content Writing,We help you create a marketing strategy that drives results.,Content & Media
6,Graphic Design,Professional graphic design services for your brand.,Content & Media
7,Video Editing,High-quality video editing for all your content needs.,Content & Media
8,SaaS Software Access,Access to top SaaS tools for your business.,Technology & Tools
9,Cloud Storage Plans,Secure and scalable cloud storage solutions.,Technology & Tools
10,Developer Tools,Essential tools for developers and tech teams.,Technology & Tools
11,Online Courses,Learn new skills with our curated online courses.,Education & Learning
12,E-Books / Digital Libraries,Unlimited access to e-books and digital resources.,Education & Learning
13,Coaching & Mentorship,Personalized coaching and mentorship programs.,Education & Learning
14,Music Streaming,Enjoy unlimited music streaming.,Entertainment & Lifestyle
15,Video/OTT Platforms,Access to top video and OTT platforms.,Entertainment & Lifestyle
16,Fitness & Wellness Apps,Stay fit and healthy with our wellness app subscriptions.,Entertainment & Lifestyle
17,Project Management Tools,Organize and manage your projects efficiently.,Business Services
18,CRM & Customer Support Systems,Enhance customer relationships with our CRM tools.,Business Services
19,Analytics & Reporting,Powerful analytics and reporting tools for your business.,Business Services
